STOCK,TICKER
NVIDIA,NVDA
Apple,AAPL
Alphabet (Google),GOOG
Microsoft,MSFT
Amazon,AMZN
Meta Platforms (Facebook),META
Tesla,TSLA
Broadcom,AVGO
Berkshire Hathaway,BRK-B
Eli Lilly,LLY
Walmart,WMT
JPMorgan Chase,JPM
Visa,V
Oracle,ORCL
Mastercard,MA
Johnson & Johnson,JNJ
Exxon Mobil,XOM
Palantir,PLTR
Bank of America,BAC
Netflix,NFLX
AbbVie,ABBV
Costco,COST
Home Depot,HD
AMD,AMD
Procter & Gamble,PG
General Electric,GE
Cisco,CSCO
Coca-Cola,KO
UnitedHealth,UNH
Chevron,CVX
Wells Fargo,WFC
IBM,IBM
Morgan Stanley,MS
Caterpillar,CAT
Goldman Sachs,GS
American Express,AXP
Micron Technology,MU
Philip Morris International,PM
Merck,MRK
Salesforce,CRM
RTX,RTX
AppLovin,APP
McDonald,MCD
T-Mobile US,TMUS
Abbott Laboratories,ABT
Thermo Fisher Scientific,TMO
Applied Materials,AMAT
Lam Research,LRCX
Pepsico,PEP
Citigroup,C
Walt Disney,DIS
Intuitive Surgical,ISRG
QUALCOMM,QCOM
GE Vernova,GEV
Blackstone Group,BX
Intuit,INTU
Intel,INTC
Booking Holdings (Booking.com),BKNG
Amgen,AMGN
Charles Schwab,SCHW
TJX Companies,TJX
AT&T,T
Verizon,VZ
Nextera Energy,NEE
Uber,UBER
BlackRock,BLK
ServiceNow,NOW
Boeing,BA
Texas Instruments,TXN
KLA,KLAC
Danaher,DHR
Arista Networks,ANET
Amphenol,APH
Capital One,COF
S&P Global,SPGI
Adobe,ADBE
Gilead Sciences,GILD
Pfizer,PFE
Union Pacific Corporation,UNP
Lowe's Companies,LOW
Boston Scientific,BSX
Analog Devices,ADI
Progressive,PGR
Stryker Corporation,SYK
Honeywell,HON
Deere &amp; Company (John Deere),DE
Welltower,WELL
Palo Alto Networks,PANW
KKR & Co.,KKR
CrowdStrike,CRWD
Prologis,PLD
Vertex Pharmaceuticals,VRTX
Southern Copper,SCCO
Constellation Energy,CEG
ConocoPhillips,COP
Lockheed Martin,LMT
Parker-Hannifin,PH
Bristol-Myers Squibb,BMY
HCA Healthcare,HCA
Comcast,CMCSA
Newmont,NEM
Robinhood,HOOD
Interactive Brokers,IBKR
Automatic Data Processing,ADP
McKesson,MCK
Altria Group,MO
CVS Health,CVS
Nike,NKE
Carvana,CVNA
CME Group,CME
DoorDash,DASH
Starbucks,SBUX
Southern Company,SO
Marsh & McLennan Companies,MMC
Intercontinental Exchange,ICE
General Dynamics,GD
Duke Energy,DUK
Dell,DELL
Moody's,MCO
Synopsys,SNPS
Waste Management,WM
Cadence Design Systems,CDNS
3M,MMM
Apollo Global Management,APO
United Parcel Service,UPS
American Tower,AMT
U.S. Bancorp,USB
Marriott International,MAR
PNC Financial Services,PNC
Sherwin-Williams,SHW
Northrop Grumman,NOC
Airbnb,ABNB
BNY Mellon (Bank of New York Mellon),BK
Elevance Health,ELV
Regeneron Pharmaceuticals,REGN
O'Reilly Automotive,ORLY
Howmet Aerospace,HWM
General Motors,GM
Royal Caribbean Group,RCL
Cintas,CTAS
Snowflake,SNOW
Emerson,EMR
Equinix,EQIX
Corning,GLW
The Cigna Group,CI
Ecolab,ECL
Monster Beverage,MNST
Illinois Tool Works,ITW
Marvell Technology,MRVL
Warner Bros. Discovery,WBD
TransDigm Group,TDG
Williams Companies,WMB
Cummins,CMI
Mondelez International,MDLZ
Cloudflare,NET
Simon Property Group,SPG
Enterprise Products,EPD
CSX Corporation,CSX
Freeport-McMoRan,FCX
Coinbase,COIN
Hilton Worldwide,HLT
Republic Services,RSG
FedEx,FDX
Cencora,COR
Norfolk Southern,NSC
Quanta Services,PWR
The Travelers Companies,TRV
Arthur J. Gallagher & Co.,AJG
Truist Financial,TFC
Colgate-Palmolive,CL
Fortinet,FTNT
Autodesk,ADSK
Vertiv Holdings,VRT
Roblox,RBLX
American Electric Power,AEP
Motorola Solutions,MSI
Western Digital,WDC
Ross Stores,ROST
Paccar,PCAR
Vistra,VST
PayPal,PYPL
Kinder Morgan,KMI
Aflac,AFL
Workday,WDAY
Sempra Energy,SRE
Ares Management,ARES
AutoZone,AZO
Becton Dickinson,BDX
SLB (Schlumberger),SLB
Energy Transfer Partners,ET
EOG Resources,EOG
IDEXX Laboratories,IDXX
Allstate,ALL
MPLX,MPLX
MetLife,MET
Zoetis,ZTS
Ford,F
Air Products and Chemicals,APD
Marathon Petroleum,MPC
Nasdaq,NDAQ
Phillips 66,PSX
L3Harris Technologies,LHX
Realty Income,O
United Rentals,URI
Digital Realty,DLR
Alnylam Pharmaceuticals,ALNY
Rocket Companies,RKT
Electronic Arts,EA
Dominion Energy,D
Valero Energy,VLO
Edwards Lifesciences,EW
Datadog,DDOG
W. W. Grainger,GWW
Fastenal,FAST
Strategy (MicroStrategy),MSTR
CBRE Group,CBRE
Chipotle Mexican Grill,CMG
Roper Technologies,ROP
Grayscale Bitcoin Trust,GBTC
Cardinal Health,CAH
Public Storage,PSA
American International Group,AIG
Ametek,AME
Delta Air Lines,DAL
Las Vegas Sands,LVS
Ameriprise Financial,AMP
Monolithic Power Systems,MPWR
Carrier Global,CARR
D. R. Horton,DHI
Waste Connections,WCN
Take-Two Interactive,TTWO
Rockwell Automation,ROK
Oneok,OKE
Corteva,CTVA
Baker Hughes,BKR
Target,TGT
Exelon Corporation,EXC
Axon Enterprise,AXON
Xcel Energy,XEL
HEICO,HEI
Diamondback Energy,FANG
FICO,FICO
Insmed,INSM
MSCI,MSCI
Reddit,RDDT
Coupang,CPNG
Yum! Brands,YUM
Cheniere Energy,LNG
Paychex,PAYX
Entergy,ETR
Prudential Financial,PRU
Kroger,KR
Cognizant Technology Solutions,CTSH
PSEG,PEG
Agilent Technologies,A
Block,XYZ
Keurig Dr Pepper,KDP
Vulcan Materials,VMC
The Hartford,HIG
Occidental Petroleum,OXY
Crown Castle,CCI
Carnival Corporation,CCL
The Hershey Company,HSY
Martin Marietta Materials,MLM
Targa Resources,TRGP
Copart,CPRT
IQVIA,IQV
Estee Lauder,EL
GE HealthCare Technologies,GEHC
eBay,EBAY
Symbotic,SYM
Nucor,NUE
Zscaler,ZS
Ventas,VTR
Wabtec,WAB
United Airlines Holdings,UAL
ResMed,RMD
State Street Corporation,STT
Veeva Systems,VEEV
Sysco,SYY
Consolidated Edison,ED
Microchip Technology,MCHP
Expedia Group,EXPE
Keysight,KEYS
Fidelity National Information Services,FIS
CoreWeave,CRWV
Otis Worldwide,OTIS
Fiserv,FI
MongoDB,MDB
Comfort Systems USA,FIX
Kimberly-Clark,KMB
WEC Energy Group,WEC
Ubiquiti,UI
BeOne Medicines,ONC
Pacific Gas and Electric,PCG
SoFi,SOFI
Xylem,XYL
EQT Corporation,EQT
Kenvue,KVUE
Old Dominion Freight Line,ODFL
Raymond James,RJF
Live Nation,LYV
Hewlett Packard Enterprise,HPE
M&T Bank,MTB
Natera,NTRA
Fifth Third Bank,FITB
Humana,HUM
Synchrony,SYF
NRG Energy,NRG
Teradyne,TER
Verisk Analytics,VRSK
VICI Properties,VICI
EchoStar,SATS
Rocket Lab,RKLB
Dollar General,DG
Ciena,CIEN
Fox Corporation,FOX
LPL Financial,LPLA
Kraft Heinz,KHC
Lennar,LEN
Kellanova  (Kellogg's),K
Extra Space Storage,EXR
Charter Communications,CHTR
Rollins,ROL
Mettler Toledo,MTD
Emcor,EME
Archer Daniels Midland (ADM),ADM
Tractor Supply,TSCO
Huntington Bancshares,HBAN
First Solar,FSLR
Brown &amp; Brown,BRO
Coherent Corp.,COHR
Atmos Energy,ATO
Markel Group,MKL
Dover Corporation,DOV
CoStar Group,CSGP
Equifax,EFX
First Citizens BancShares,FCNCA
Dollar Tree,DLTR
DTE Energy,DTE
Broadridge Financial Solutions,BR
Ameren,AEE
ULTA Beauty,ULTA
Northern Trust,NTRS
Zoom,ZM
Cboe Global Markets,CBOE
W. R. Berkley,WRB
DexCom,DXCM
American Water,AWK
Cincinnati Financial,CINF
Omnicom Group,OMC
Cheniere Energy Partners,CQP
Tapestry,TPR
Eversource Energy,ES
TPG Capital,TPG
FirstEnergy,FE
Expand Energy,EXE
Credo Technology,CRDO
AvalonBay Communities,AVB
Biogen,BIIB
General Mills,GIS
PPL,PPL
AST SpaceMobile,ASTS
Citizens Financial Group,CFG
Steel Dynamics,STLD
CenterPoint Energy,CNP
Constellation Brands,STZ
Blue Owl Capital,OWL
Veralto,VLTO
Regions Financial,RF
PulteGroup,PHM
Astera Labs,ALAB
Affirm,AFRM
Formula One Group,FWONK
Iron Mountain,IRM
Equity Residential,EQR
Teledyne Technologies,TDY
PPG Industries,PPG
Leidos,LDOS
Hubbell,HUBB
HP,HPQ
Halliburton,HAL
Pure Storage,PSTG
T. Rowe Price,TROW
Jabil,JBL
Tradeweb,TW
VeriSign,VRSN
United Therapeutics,UTHR
NetApp,NTAP
KeyCorp (KeyBank),KEY
Waters Corporation,WAT
Samsara,IOT
Edison International,EIX
Lumentum,LITE
Ralph Lauren,RL
ON Semiconductor,ON
Devon Energy,DVN
Southwest Airlines,LUV
Williams-Sonoma,WSM
Corpay,CPAY
Rivian,RIVN
Darden Restaurants,DRI
Loews Corporation,L
LabCorp,LH
CMS Energy,CMS
Circle Internet Group,CRCL
SS&C Technologies,SSNC
Twilio,TWLO
Carlyle Group,CG
PTC,PTC
NVR,NVR
Bloom Energy,BE
GlobalFoundries,GFS
Church & Dwight,CHD
Toast,TOST
Tyson Foods,TSN
Curtiss-Wright,CW
Casey's General Stores,CASY
International Paper,IP
Expeditors,EXPD
Insulet,PODD
SBA Communications,SBAC
Illumina,ILMN
Quest Diagnostics,DGX
Principal,PFG
Global Payments,GPN
NiSource,NI
HubSpot,HUBS
Tyler Technologies,TYL
Exact Sciences,EXAS
Coterra Energy,CTRA
West Pharmaceutical,WST
Trimble,TRMB
Centene,CNC
Somnigroup International,SGI
Unity Software,U
Incyte,INCY
J. B. Hunt,JBHT
CDW Corporation,CDW
Supermicro,SMCI
Dick's Sporting Goods,DKS
Texas Pacific Land Corporation,TPL
C. H. Robinson,CHRW
Gartner,IT
Fortive,FTV
Bunge Global SA,BG
Royal Gold,RGLD
Packaging Corporation of America,PKG
McCormick & Company,MKC
Snap-on,SNA
Zimmer Biomet,ZBH
Genuine Parts Company,GPC
The Trade Desk,TTD
Figma,FIG
Woodward,WWD
Essex Property Trust,ESS
IonQ,IONQ
Pinterest,PINS
XPO Logistics,XPO
Tenet Healthcare,THC
TKO Group Holdings,TKO
FTAI Aviation,FTAI
Lennox,LII
GoDaddy,GDDY
US Foods,USFD
MasTec,MTZ
Talen Energy,TLN
DraftKings,DKNG
Zillow,Z
Dupont De Nemours,DD
Gen Digital,GEN
Evergy,EVRG
Weyerhaeuser,WY
Alliant Energy,LNT
Hologic,HOLX
International Flavors & Fragrances,IFF
Guidewire Software,GWRE
Invitation Homes,INVH
News Corp,NWS
Burlington Stores,BURL
Roku,ROKU
APi Group,APG
TransUnion,TRU
Dow,DOW
Corebridge Financial,CRBG
Cooper Companies,COO
SharkNinja,SN
Okta,OKTA
Carpenter Technology,CRS
Jacobs Engineering,J
Mid-America Apartment Communities,MAA
Sun Communities,SUI
BWX Technologies,BWXT
Western Midstream,WES
Jones Lang LaSalle,JLL
East West Bancorp,EWBC
Medpace,MEDP
Fidelity National Financial,FNF
Rubrik,RBRK
UL Solutions,ULS
